GEO.id,GEO.id2,GEO.display-label,HD01_VD01,HD02_VD01,HD01_VD02,HD02_VD02,HD01_VD03,HD02_VD03,HD01_VD04,HD02_VD04,HD01_VD05,HD02_VD05,HD01_VD06,HD02_VD06,HD01_VD07,HD02_VD07,HD01_VD08,HD02_VD08,HD01_VD09,HD02_VD09,HD01_VD10,HD02_VD10
Id,Id2,Geography,Estimate; Total:,Margin of Error; Total:,Estimate; Total: - White alone,Margin of Error; Total: - White alone,Estimate; Total: - Black or African American alone,Margin of Error; Total: - Black or African American alone,Estimate; Total: - American Indian and Alaska Native alone,Margin of Error; Total: - American Indian and Alaska Native alone,Estimate; Total: - Asian alone,Margin of Error; Total: - Asian alone,Estimate; Total: - Native Hawaiian and Other Pacific Islander alone,Margin of Error; Total: - Native Hawaiian and Other Pacific Islander alone,Estimate; Total: - Some other race alone,Margin of Error; Total: - Some other race alone,Estimate; Total: - Two or more races:,Margin of Error; Total: - Two or more races:,Estimate; Total: - Two or more races: - Two races including Some other race,Margin of Error; Total: - Two or more races: - Two races including Some other race,"Estimate; Total: - Two or more races: - Two races excluding Some other race, and three or more races","Margin of Error; Total: - Two or more races: - Two races excluding Some other race, and three or more races"
1400000US29510111100,29510111100,"Census Tract 1111, St. Louis city, Missouri",2001,310,60,49,1921,305,0,11,0,11,0,11,0,11,20,14,4,7,16,15
1400000US29510119102,29510119102,"Census Tract 1191.02, St. Louis city, Missouri",3203,319,1991,254,611,193,12,20,510,164,0,11,6,11,73,47,0,11,73,47
1400000US29510119200,29510119200,"Census Tract 1192, St. Louis city, Missouri",2019,294,660,120,1302,276,0,11,51,39,0,11,6,9,0,11,0,11,0,11
1400000US29510119300,29510119300,"Census Tract 1193, St. Louis city, Missouri",4119,348,2033,259,1217,207,12,26,680,200,11,25,79,58,87,50,0,11,87,50
