GEO.id,GEO.id2,GEO.display-label,HD01_VD01,HD02_VD01,HD01_VD02,HD02_VD02,HD01_VD03,HD02_VD03,HD01_VD04,HD02_VD04,HD01_VD05,HD02_VD05,HD01_VD06,HD02_VD06,HD01_VD07,HD02_VD07,HD01_VD08,HD02_VD08,HD01_VD09,HD02_VD09,HD01_VD10,HD02_VD10,HD01_VD11,HD02_VD11,HD01_VD12,HD02_VD12,HD01_VD13,HD02_VD13,HD01_VD14,HD02_VD14,HD01_VD15,HD02_VD15,HD01_VD16,HD02_VD16,HD01_VD17,HD02_VD17,HD01_VD18,HD02_VD18,HD01_VD19,HD02_VD19,HD01_VD20,HD02_VD20,HD01_VD21,HD02_VD21,HD01_VD22,HD02_VD22,HD01_VD23,HD02_VD23,HD01_VD24,HD02_VD24,HD01_VD25,HD02_VD25,HD01_VD26,HD02_VD26,HD01_VD27,HD02_VD27,HD01_VD28,HD02_VD28,HD01_VD29,HD02_VD29,HD01_VD30,HD02_VD30,HD01_VD31,HD02_VD31,HD01_VD32,HD02_VD32,HD01_VD33,HD02_VD33,HD01_VD34,HD02_VD34,HD01_VD35,HD02_VD35,HD01_VD36,HD02_VD36,HD01_VD37,HD02_VD37,HD01_VD38,HD02_VD38,HD01_VD39,HD02_VD39,HD01_VD40,HD02_VD40,HD01_VD41,HD02_VD41,HD01_VD42,HD02_VD42,HD01_VD43,HD02_VD43,HD01_VD44,HD02_VD44,HD01_VD45,HD02_VD45,HD01_VD46,HD02_VD46,HD01_VD47,HD02_VD47,HD01_VD48,HD02_VD48,HD01_VD49,HD02_VD49
Id,Id2,Geography,Estimate; Total:,Margin of Error; Total:,Estimate; Male:,Margin of Error; Male:,Estimate; Male: - Under 5 years,Margin of Error; Male: - Under 5 years,Estimate; Male: - 5 to 9 years,Margin of Error; Male: - 5 to 9 years,Estimate; Male: - 10 to 14 years,Margin of Error; Male: - 10 to 14 years,Estimate; Male: - 15 to 17 years,Margin of Error; Male: - 15 to 17 years,Estimate; Male: - 18 and 19 years,Margin of Error; Male: - 18 and 19 years,Estimate; Male: - 20 years,Margin of Error; Male: - 20 years,Estimate; Male: - 21 years,Margin of Error; Male: - 21 years,Estimate; Male: - 22 to 24 years,Margin of Error; Male: - 22 to 24 years,Estimate; Male: - 25 to 29 years,Margin of Error; Male: - 25 to 29 years,Estimate; Male: - 30 to 34 years,Margin of Error; Male: - 30 to 34 years,Estimate; Male: - 35 to 39 years,Margin of Error; Male: - 35 to 39 years,Estimate; Male: - 40 to 44 years,Margin of Error; Male: - 40 to 44 years,Estimate; Male: - 45 to 49 years,Margin of Error; Male: - 45 to 49 years,Estimate; Male: - 50 to 54 years,Margin of Error; Male: - 50 to 54 years,Estimate; Male: - 55 to 59 years,Margin of Error; Male: - 55 to 59 years,Estimate; Male: - 60 and 61 years,Margin of Error; Male: - 60 and 61 years,Estimate; Male: - 62 to 64 years,Margin of Error; Male: - 62 to 64 years,Estimate; Male: - 65 and 66 years,Margin of Error; Male: - 65 and 66 years,Estimate; Male: - 67 to 69 years,Margin of Error; Male: - 67 to 69 years,Estimate; Male: - 70 to 74 years,Margin of Error; Male: - 70 to 74 years,Estimate; Male: - 75 to 79 years,Margin of Error; Male: - 75 to 79 years,Estimate; Male: - 80 to 84 years,Margin of Error; Male: - 80 to 84 years,Estimate; Male: - 85 years and over,Margin of Error; Male: - 85 years and over,Estimate; Female:,Margin of Error; Female:,Estimate; Female: - Under 5 years,Margin of Error; Female: - Under 5 years,Estimate; Female: - 5 to 9 years,Margin of Error; Female: - 5 to 9 years,Estimate; Female: - 10 to 14 years,Margin of Error; Female: - 10 to 14 years,Estimate; Female: - 15 to 17 years,Margin of Error; Female: - 15 to 17 years,Estimate; Female: - 18 and 19 years,Margin of Error; Female: - 18 and 19 years,Estimate; Female: - 20 years,Margin of Error; Female: - 20 years,Estimate; Female: - 21 years,Margin of Error; Female: - 21 years,Estimate; Female: - 22 to 24 years,Margin of Error; Female: - 22 to 24 years,Estimate; Female: - 25 to 29 years,Margin of Error; Female: - 25 to 29 years,Estimate; Female: - 30 to 34 years,Margin of Error; Female: - 30 to 34 years,Estimate; Female: - 35 to 39 years,Margin of Error; Female: - 35 to 39 years,Estimate; Female: - 40 to 44 years,Margin of Error; Female: - 40 to 44 years,Estimate; Female: - 45 to 49 years,Margin of Error; Female: - 45 to 49 years,Estimate; Female: - 50 to 54 years,Margin of Error; Female: - 50 to 54 years,Estimate; Female: - 55 to 59 years,Margin of Error; Female: - 55 to 59 years,Estimate; Female: - 60 and 61 years,Margin of Error; Female: - 60 and 61 years,Estimate; Female: - 62 to 64 years,Margin of Error; Female: - 62 to 64 years,Estimate; Female: - 65 and 66 years,Margin of Error; Female: - 65 and 66 years,Estimate; Female: - 67 to 69 years,Margin of Error; Female: - 67 to 69 years,Estimate; Female: - 70 to 74 years,Margin of Error; Female: - 70 to 74 years,Estimate; Female: - 75 to 79 years,Margin of Error; Female: - 75 to 79 years,Estimate; Female: - 80 to 84 years,Margin of Error; Female: - 80 to 84 years,Estimate; Female: - 85 years and over,Margin of Error; Female: - 85 years and over
1400000US29510111100,29510111100,"Census Tract 1111, St. Louis city, Missouri",2001,310,987,214,46,53,112,54,75,116,39,32,44,48,44,52,27,32,12,21,73,55,43,44,0,11,71,41,50,45,68,36,46,30,52,38,66,37,28,29,28,21,27,22,6,10,13,17,17,19,1014,164,49,53,30,30,93,64,12,18,35,41,0,11,32,33,65,45,48,50,50,42,120,66,89,57,72,48,87,61,49,40,38,27,48,35,23,16,12,19,5,7,18,17,7,14,32,29
1400000US29510119102,29510119102,"Census Tract 1191.02, St. Louis city, Missouri",3203,319,1542,297,0,11,29,47,0,11,0,11,0,11,0,11,0,11,191,82,493,219,172,81,120,54,76,41,90,46,56,36,61,41,19,25,25,24,69,63,56,39,30,23,14,20,20,24,21,25,1661,233,13,19,0,11,37,36,45,31,0,11,0,11,42,33,264,112,453,171,170,86,116,47,32,26,67,38,32,31,45,29,85,47,40,34,87,80,22,24,56,31,13,21,24,29,18,27
1400000US29510119200,29510119200,"Census Tract 1192, St. Louis city, Missouri",2019,294,993,184,72,73,34,27,13,16,0,11,26,41,0,11,13,21,38,48,64,55,60,33,70,50,39,25,58,36,89,58,68,31,60,52,52,25,28,21,64,42,56,41,36,29,39,34,14,16,1026,184,48,49,9,14,26,31,20,18,0,11,33,46,0,11,107,66,145,68,37,25,59,26,48,27,47,21,53,44,63,28,24,18,53,45,4,6,72,45,58,26,30,34,35,38,55,40
1400000US29510119300,29510119300,"Census Tract 1193, St. Louis city, Missouri",4119,348,1852,240,35,48,11,23,34,43,120,63,266,89,224,79,134,72,218,99,182,90,94,51,34,54,38,36,109,69,36,35,90,51,36,34,9,18,20,20,36,32,25,22,87,82,8,14,6,12,2267,283,47,34,7,11,0,11,30,31,691,125,307,131,137,65,214,67,219,110,90,57,71,52,9,15,96,63,7,11,85,57,32,38,23,19,18,22,54,43,25,27,40,31,26,24,39,48
